arm,config,seed,requests,planned_in_log,log_coverage,S,S_pct,L,L_pct,X,X_pct,R,R_pct,D,D_pct,U,U_pct
afs120,MSW_path_sf10_p70_S100_M0_Chain,0,496,495,0.998,359,72.379,0,0.0,0,0.0,7,1.411,129,26.008,1,0.202
afs120,MSW_path_sf10_p70_S100_M0_Chain,1,496,495,0.998,359,72.379,0,0.0,0,0.0,3,0.605,133,26.815,1,0.202
afs120,MSW_path_sf10_p70_S100_M0_Chain,2,496,495,0.998,363,73.185,0,0.0,0,0.0,5,1.008,127,25.605,1,0.202
afs120,MSW_path_sf10_p70_S100_MHigh_Chain,0,496,495,0.998,355,71.573,0,0.0,1,0.202,1,0.202,138,27.823,1,0.202
afs120,MSW_path_sf10_p70_S100_MHigh_Chain,1,496,495,0.998,353,71.169,0,0.0,1,0.202,3,0.605,138,27.823,1,0.202
afs120,MSW_path_sf10_p70_S100_MHigh_Chain,2,496,495,0.998,366,73.79,0,0.0,0,0.0,2,0.403,127,25.605,1,0.202
afs120,MSW_path_sf10_p70_S100_MLow_Chain,0,495,495,1.0,356,71.919,1,0.202,2,0.404,5,1.01,131,26.465,0,0.0
afs120,MSW_path_sf10_p70_S100_MLow_Chain,1,495,495,1.0,360,72.727,0,0.0,0,0.0,3,0.606,132,26.667,0,0.0
afs120,MSW_path_sf10_p70_S100_MLow_Chain,2,495,495,1.0,371,74.949,0,0.0,0,0.0,6,1.212,118,23.838,0,0.0
afs120,MSW_path_sf10_p70_S100_MMedium_Chain,0,496,495,0.998,340,68.548,0,0.0,1,0.202,5,1.008,149,30.04,1,0.202
afs120,MSW_path_sf10_p70_S100_MMedium_Chain,1,496,495,0.998,359,72.379,2,0.403,0,0.0,5,1.008,129,26.008,1,0.202
afs120,MSW_path_sf10_p70_S100_MMedium_Chain,2,496,495,0.998,348,70.161,1,0.202,1,0.202,3,0.605,142,28.629,1,0.202
afs120,MSW_path_sf10_p70_S25_M0_Chain,0,496,0,0.0,87,17.54,0,0.0,0,0.0,140,28.226,0,0.0,269,54.234
afs120,MSW_path_sf10_p70_S25_M0_Chain,1,496,281,0.5665,89,17.944,0,0.0,0,0.0,136,27.419,56,11.29,215,43.347
afs120,MSW_path_sf10_p70_S25_M0_Chain,2,496,284,0.5726,89,17.944,0,0.0,0,0.0,139,28.024,56,11.29,212,42.742
afs120,MSW_path_sf10_p70_S25_MHigh_Chain,0,496,465,0.9375,174,35.081,2,0.403,6,1.21,173,34.879,110,22.177,31,6.25
afs120,MSW_path_sf10_p70_S25_MHigh_Chain,1,496,465,0.9375,158,31.855,6,1.21,8,1.613,173,34.879,120,24.194,31,6.25
afs120,MSW_path_sf10_p70_S25_MHigh_Chain,2,496,465,0.9375,158,31.855,4,0.806,4,0.806,195,39.315,104,20.968,31,6.25
afs120,MSW_path_sf10_p70_S25_MLow_Chain,0,495,424,0.8566,135,27.273,1,0.202,5,1.01,195,39.394,88,17.778,71,14.343
afs120,MSW_path_sf10_p70_S25_MLow_Chain,1,495,426,0.8606,118,23.838,2,0.404,7,1.414,202,40.808,97,19.596,69,13.939
afs120,MSW_path_sf10_p70_S25_MLow_Chain,2,495,426,0.8606,108,21.818,0,0.0,14,2.828,213,43.03,91,18.384,69,13.939
afs120,MSW_path_sf10_p70_S25_MMedium_Chain,0,496,433,0.873,139,28.024,0,0.0,6,1.21,178,35.887,112,22.581,61,12.298
afs120,MSW_path_sf10_p70_S25_MMedium_Chain,1,496,433,0.873,131,26.411,0,0.0,7,1.411,188,37.903,108,21.774,62,12.5
afs120,MSW_path_sf10_p70_S25_MMedium_Chain,2,496,437,0.881,114,22.984,0,0.0,17,3.427,199,40.121,107,21.573,59,11.895
afs120,MSW_path_sf10_p70_S50_M0_Chain,0,496,495,0.998,293,59.073,0,0.0,0,0.0,79,15.927,123,24.798,1,0.202
afs120,MSW_path_sf10_p70_S50_M0_Chain,1,496,495,0.998,290,58.468,4,0.806,0,0.0,88,17.742,113,22.782,1,0.202
afs120,MSW_path_sf10_p70_S50_M0_Chain,2,496,495,0.998,286,57.661,1,0.202,0,0.0,98,19.758,110,22.177,1,0.202
afs120,MSW_path_sf10_p70_S50_MHigh_Chain,0,496,495,0.998,289,58.266,5,1.008,3,0.605,51,10.282,147,29.637,1,0.202
afs120,MSW_path_sf10_p70_S50_MHigh_Chain,1,496,495,0.998,266,53.629,6,1.21,8,1.613,60,12.097,155,31.25,1,0.202
afs120,MSW_path_sf10_p70_S50_MHigh_Chain,2,496,495,0.998,274,55.242,12,2.419,9,1.815,49,9.879,151,30.444,1,0.202
afs120,MSW_path_sf10_p70_S50_MLow_Chain,0,495,495,1.0,275,55.556,2,0.404,3,0.606,65,13.131,150,30.303,0,0.0
afs120,MSW_path_sf10_p70_S50_MLow_Chain,1,495,495,1.0,288,58.182,2,0.404,7,1.414,67,13.535,131,26.465,0,0.0
afs120,MSW_path_sf10_p70_S50_MLow_Chain,2,495,495,1.0,255,51.515,8,1.616,1,0.202,83,16.768,148,29.899,0,0.0
afs120,MSW_path_sf10_p70_S50_MMedium_Chain,0,496,491,0.9899,286,57.661,3,0.605,1,0.202,61,12.298,140,28.226,5,1.008
afs120,MSW_path_sf10_p70_S50_MMedium_Chain,1,496,489,0.9859,266,53.629,0,0.0,8,1.613,68,13.71,147,29.637,7,1.411
afs120,MSW_path_sf10_p70_S50_MMedium_Chain,2,496,489,0.9859,260,52.419,5,1.008,3,0.605,69,13.911,152,30.645,7,1.411
afs120,MSW_path_sf10_p70_S75_M0_Chain,0,496,495,0.998,324,65.323,0,0.0,0,0.0,31,6.25,140,28.226,1,0.202
afs120,MSW_path_sf10_p70_S75_M0_Chain,1,496,495,0.998,311,62.702,1,0.202,0,0.0,44,8.871,139,28.024,1,0.202
afs120,MSW_path_sf10_p70_S75_M0_Chain,2,496,495,0.998,321,64.718,1,0.202,0,0.0,39,7.863,134,27.016,1,0.202
afs120,MSW_path_sf10_p70_S75_MHigh_Chain,0,496,495,0.998,311,62.702,0,0.0,4,0.806,12,2.419,168,33.871,1,0.202
afs120,MSW_path_sf10_p70_S75_MHigh_Chain,1,496,495,0.998,325,65.524,0,0.0,3,0.605,13,2.621,154,31.048,1,0.202
afs120,MSW_path_sf10_p70_S75_MHigh_Chain,2,496,495,0.998,310,62.5,0,0.0,1,0.202,14,2.823,170,34.274,1,0.202
afs120,MSW_path_sf10_p70_S75_MLow_Chain,0,495,495,1.0,315,63.636,0,0.0,4,0.808,16,3.232,160,32.323,0,0.0
afs120,MSW_path_sf10_p70_S75_MLow_Chain,1,495,495,1.0,331,66.869,0,0.0,2,0.404,18,3.636,144,29.091,0,0.0
afs120,MSW_path_sf10_p70_S75_MLow_Chain,2,495,495,1.0,302,61.01,6,1.212,0,0.0,30,6.061,157,31.717,0,0.0
afs120,MSW_path_sf10_p70_S75_MMedium_Chain,0,496,495,0.998,318,64.113,0,0.0,1,0.202,17,3.427,159,32.056,1,0.202
afs120,MSW_path_sf10_p70_S75_MMedium_Chain,1,496,495,0.998,306,61.694,0,0.0,0,0.0,17,3.427,172,34.677,1,0.202
afs120,MSW_path_sf10_p70_S75_MMedium_Chain,2,496,495,0.998,306,61.694,0,0.0,3,0.605,23,4.637,163,32.863,1,0.202
cwfree120,MSW_path_sf10_p70_S100_M0_Chain,0,496,495,0.998,382,77.016,0,0.0,0,0.0,0,0.0,113,22.782,1,0.202
cwfree120,MSW_path_sf10_p70_S100_M0_Chain,1,496,495,0.998,375,75.605,2,0.403,0,0.0,0,0.0,118,23.79,1,0.202
cwfree120,MSW_path_sf10_p70_S100_M0_Chain,2,496,495,0.998,367,73.992,0,0.0,0,0.0,0,0.0,128,25.806,1,0.202
cwfree120,MSW_path_sf10_p70_S100_MHigh_Chain,0,496,495,0.998,377,76.008,0,0.0,0,0.0,0,0.0,118,23.79,1,0.202
cwfree120,MSW_path_sf10_p70_S100_MHigh_Chain,1,496,495,0.998,360,72.581,1,0.202,0,0.0,1,0.202,133,26.815,1,0.202
cwfree120,MSW_path_sf10_p70_S100_MHigh_Chain,2,496,495,0.998,382,77.016,0,0.0,0,0.0,0,0.0,113,22.782,1,0.202
cwfree120,MSW_path_sf10_p70_S100_MLow_Chain,0,495,495,1.0,367,74.141,0,0.0,0,0.0,0,0.0,128,25.859,0,0.0
cwfree120,MSW_path_sf10_p70_S100_MLow_Chain,1,495,495,1.0,369,74.545,1,0.202,0,0.0,0,0.0,125,25.253,0,0.0
cwfree120,MSW_path_sf10_p70_S100_MLow_Chain,2,495,495,1.0,367,74.141,0,0.0,0,0.0,0,0.0,128,25.859,0,0.0
cwfree120,MSW_path_sf10_p70_S100_MMedium_Chain,0,496,494,0.996,380,76.613,0,0.0,0,0.0,0,0.0,114,22.984,2,0.403
cwfree120,MSW_path_sf10_p70_S100_MMedium_Chain,1,496,495,0.998,375,75.605,0,0.0,0,0.0,0,0.0,120,24.194,1,0.202
cwfree120,MSW_path_sf10_p70_S100_MMedium_Chain,2,496,495,0.998,383,77.218,0,0.0,0,0.0,0,0.0,112,22.581,1,0.202
cwfree120,MSW_path_sf10_p70_S25_M0_Chain,0,496,316,0.6371,121,24.395,5,1.008,0,0.0,0,0.0,190,38.306,180,36.29
cwfree120,MSW_path_sf10_p70_S25_M0_Chain,1,496,321,0.6472,126,25.403,2,0.403,0,0.0,0,0.0,193,38.911,175,35.282
cwfree120,MSW_path_sf10_p70_S25_M0_Chain,2,496,318,0.6411,127,25.605,0,0.0,0,0.0,0,0.0,191,38.508,178,35.887
cwfree120,MSW_path_sf10_p70_S25_MHigh_Chain,0,496,463,0.9335,167,33.669,16,3.226,5,1.008,63,12.702,214,43.145,31,6.25
cwfree120,MSW_path_sf10_p70_S25_MHigh_Chain,1,496,465,0.9375,158,31.855,11,2.218,2,0.403,78,15.726,216,43.548,31,6.25
cwfree120,MSW_path_sf10_p70_S25_MHigh_Chain,2,496,465,0.9375,145,29.234,12,2.419,8,1.613,69,13.911,231,46.573,31,6.25
cwfree120,MSW_path_sf10_p70_S25_MLow_Chain,0,495,426,0.8606,130,26.263,21,4.242,4,0.808,51,10.303,220,44.444,69,13.939
cwfree120,MSW_path_sf10_p70_S25_MLow_Chain,1,495,425,0.8586,126,25.455,19,3.838,5,1.01,49,9.899,226,45.657,70,14.141
cwfree120,MSW_path_sf10_p70_S25_MLow_Chain,2,495,426,0.8606,118,23.838,19,3.838,16,3.232,52,10.505,221,44.646,69,13.939
cwfree120,MSW_path_sf10_p70_S25_MMedium_Chain,0,496,437,0.881,127,25.605,4,0.806,5,1.008,53,10.685,248,50.0,59,11.895
cwfree120,MSW_path_sf10_p70_S25_MMedium_Chain,1,496,436,0.879,119,23.992,13,2.621,4,0.806,61,12.298,240,48.387,59,11.895
cwfree120,MSW_path_sf10_p70_S25_MMedium_Chain,2,496,436,0.879,123,24.798,4,0.806,9,1.815,57,11.492,243,48.992,60,12.097
cwfree120,MSW_path_sf10_p70_S50_M0_Chain,0,496,495,0.998,311,62.702,0,0.0,0,0.0,0,0.0,184,37.097,1,0.202
cwfree120,MSW_path_sf10_p70_S50_M0_Chain,1,496,494,0.996,311,62.702,3,0.605,0,0.0,0,0.0,180,36.29,2,0.403
cwfree120,MSW_path_sf10_p70_S50_M0_Chain,2,496,495,0.998,308,62.097,2,0.403,0,0.0,0,0.0,185,37.298,1,0.202
cwfree120,MSW_path_sf10_p70_S50_MHigh_Chain,0,496,495,0.998,300,60.484,2,0.403,1,0.202,0,0.0,192,38.71,1,0.202
cwfree120,MSW_path_sf10_p70_S50_MHigh_Chain,1,496,495,0.998,267,53.831,2,0.403,0,0.0,1,0.202,225,45.363,1,0.202
cwfree120,MSW_path_sf10_p70_S50_MHigh_Chain,2,496,495,0.998,308,62.097,6,1.21,2,0.403,0,0.0,179,36.089,1,0.202
cwfree120,MSW_path_sf10_p70_S50_MLow_Chain,0,495,495,1.0,296,59.798,1,0.202,0,0.0,0,0.0,198,40.0,0,0.0
cwfree120,MSW_path_sf10_p70_S50_MLow_Chain,1,495,495,1.0,290,58.586,2,0.404,1,0.202,0,0.0,202,40.808,0,0.0
cwfree120,MSW_path_sf10_p70_S50_MLow_Chain,2,495,495,1.0,287,57.98,3,0.606,1,0.202,0,0.0,204,41.212,0,0.0
cwfree120,MSW_path_sf10_p70_S50_MMedium_Chain,0,496,489,0.9859,272,54.839,1,0.202,0,0.0,0,0.0,216,43.548,7,1.411
cwfree120,MSW_path_sf10_p70_S50_MMedium_Chain,1,496,491,0.9899,270,54.435,8,1.613,0,0.0,0,0.0,213,42.944,5,1.008
cwfree120,MSW_path_sf10_p70_S50_MMedium_Chain,2,496,492,0.9919,280,56.452,1,0.202,0,0.0,1,0.202,210,42.339,4,0.806
cwfree120,MSW_path_sf10_p70_S75_M0_Chain,0,496,495,0.998,308,62.097,3,0.605,0,0.0,0,0.0,184,37.097,1,0.202
cwfree120,MSW_path_sf10_p70_S75_M0_Chain,1,496,495,0.998,323,65.121,1,0.202,0,0.0,0,0.0,171,34.476,1,0.202
cwfree120,MSW_path_sf10_p70_S75_M0_Chain,2,496,495,0.998,321,64.718,1,0.202,0,0.0,0,0.0,173,34.879,1,0.202
cwfree120,MSW_path_sf10_p70_S75_MHigh_Chain,0,496,495,0.998,315,63.508,0,0.0,0,0.0,0,0.0,180,36.29,1,0.202
cwfree120,MSW_path_sf10_p70_S75_MHigh_Chain,1,496,495,0.998,323,65.121,2,0.403,1,0.202,1,0.202,168,33.871,1,0.202
cwfree120,MSW_path_sf10_p70_S75_MHigh_Chain,2,496,495,0.998,315,63.508,0,0.0,0,0.0,0,0.0,180,36.29,1,0.202
cwfree120,MSW_path_sf10_p70_S75_MLow_Chain,0,495,495,1.0,327,66.061,0,0.0,0,0.0,0,0.0,168,33.939,0,0.0
cwfree120,MSW_path_sf10_p70_S75_MLow_Chain,1,495,495,1.0,335,67.677,1,0.202,1,0.202,0,0.0,158,31.919,0,0.0
cwfree120,MSW_path_sf10_p70_S75_MLow_Chain,2,495,495,1.0,324,65.455,0,0.0,1,0.202,0,0.0,170,34.343,0,0.0
cwfree120,MSW_path_sf10_p70_S75_MMedium_Chain,0,496,495,0.998,315,63.508,2,0.403,0,0.0,0,0.0,178,35.887,1,0.202
cwfree120,MSW_path_sf10_p70_S75_MMedium_Chain,1,496,495,0.998,307,61.895,1,0.202,0,0.0,0,0.0,187,37.702,1,0.202
cwfree120,MSW_path_sf10_p70_S75_MMedium_Chain,2,496,495,0.998,311,62.702,0,0.0,2,0.403,0,0.0,182,36.694,1,0.202
ddqn,MSW_path_sf10_p70_S100_M0_Chain,0,496,495,0.998,378,76.21,0,0.0,0,0.0,0,0.0,117,23.589,1,0.202
ddqn,MSW_path_sf10_p70_S100_M0_Chain,1,496,495,0.998,384,77.419,0,0.0,0,0.0,0,0.0,111,22.379,1,0.202
ddqn,MSW_path_sf10_p70_S100_M0_Chain,2,496,495,0.998,390,78.629,1,0.202,0,0.0,0,0.0,104,20.968,1,0.202
ddqn,MSW_path_sf10_p70_S100_MHigh_Chain,0,496,495,0.998,383,77.218,0,0.0,0,0.0,0,0.0,112,22.581,1,0.202
ddqn,MSW_path_sf10_p70_S100_MHigh_Chain,1,496,495,0.998,374,75.403,8,1.613,1,0.202,1,0.202,111,22.379,1,0.202
ddqn,MSW_path_sf10_p70_S100_MHigh_Chain,2,496,495,0.998,386,77.823,0,0.0,0,0.0,0,0.0,109,21.976,1,0.202
ddqn,MSW_path_sf10_p70_S100_MLow_Chain,0,495,495,1.0,388,78.384,0,0.0,0,0.0,0,0.0,107,21.616,0,0.0
ddqn,MSW_path_sf10_p70_S100_MLow_Chain,1,495,495,1.0,384,77.576,0,0.0,0,0.0,0,0.0,111,22.424,0,0.0
ddqn,MSW_path_sf10_p70_S100_MLow_Chain,2,495,495,1.0,380,76.768,0,0.0,0,0.0,0,0.0,115,23.232,0,0.0
ddqn,MSW_path_sf10_p70_S100_MMedium_Chain,0,496,495,0.998,383,77.218,0,0.0,0,0.0,0,0.0,112,22.581,1,0.202
ddqn,MSW_path_sf10_p70_S100_MMedium_Chain,1,496,495,0.998,376,75.806,0,0.0,0,0.0,0,0.0,119,23.992,1,0.202
ddqn,MSW_path_sf10_p70_S100_MMedium_Chain,2,496,495,0.998,376,75.806,0,0.0,0,0.0,0,0.0,119,23.992,1,0.202
ddqn,MSW_path_sf10_p70_S25_M0_Chain,0,496,311,0.627,126,25.403,1,0.202,0,0.0,0,0.0,184,37.097,185,37.298
ddqn,MSW_path_sf10_p70_S25_M0_Chain,1,496,314,0.6331,127,25.605,0,0.0,0,0.0,0,0.0,187,37.702,182,36.694
ddqn,MSW_path_sf10_p70_S25_M0_Chain,2,496,316,0.6371,127,25.605,0,0.0,0,0.0,0,0.0,189,38.105,180,36.29
ddqn,MSW_path_sf10_p70_S25_MHigh_Chain,0,496,465,0.9375,163,32.863,16,3.226,8,1.613,54,10.887,224,45.161,31,6.25
ddqn,MSW_path_sf10_p70_S25_MHigh_Chain,1,496,465,0.9375,150,30.242,21,4.234,6,1.21,75,15.121,213,42.944,31,6.25
ddqn,MSW_path_sf10_p70_S25_MHigh_Chain,2,496,465,0.9375,139,28.024,12,2.419,11,2.218,67,13.508,236,47.581,31,6.25
ddqn,MSW_path_sf10_p70_S25_MLow_Chain,0,495,426,0.8606,134,27.071,16,3.232,3,0.606,51,10.303,222,44.848,69,13.939
ddqn,MSW_path_sf10_p70_S25_MLow_Chain,1,495,426,0.8606,125,25.253,14,2.828,3,0.606,45,9.091,239,48.283,69,13.939
ddqn,MSW_path_sf10_p70_S25_MLow_Chain,2,495,426,0.8606,113,22.828,13,2.626,9,1.818,47,9.495,244,49.293,69,13.939
ddqn,MSW_path_sf10_p70_S25_MMedium_Chain,0,496,433,0.873,136,27.419,1,0.202,2,0.403,50,10.081,247,49.798,60,12.097
ddqn,MSW_path_sf10_p70_S25_MMedium_Chain,1,496,437,0.881,131,26.411,13,2.621,4,0.806,68,13.71,221,44.556,59,11.895
ddqn,MSW_path_sf10_p70_S25_MMedium_Chain,2,496,435,0.877,117,23.589,7,1.411,12,2.419,54,10.887,245,49.395,61,12.298
ddqn,MSW_path_sf10_p70_S50_M0_Chain,0,496,493,0.994,313,63.105,1,0.202,0,0.0,0,0.0,179,36.089,3,0.605
ddqn,MSW_path_sf10_p70_S50_M0_Chain,1,496,494,0.996,304,61.29,2,0.403,0,0.0,0,0.0,188,37.903,2,0.403
ddqn,MSW_path_sf10_p70_S50_M0_Chain,2,496,495,0.998,304,61.29,5,1.008,0,0.0,0,0.0,186,37.5,1,0.202
ddqn,MSW_path_sf10_p70_S50_MHigh_Chain,0,496,495,0.998,313,63.105,0,0.0,4,0.806,0,0.0,178,35.887,1,0.202
ddqn,MSW_path_sf10_p70_S50_MHigh_Chain,1,496,495,0.998,305,61.492,1,0.202,4,0.806,3,0.605,182,36.694,1,0.202
ddqn,MSW_path_sf10_p70_S50_MHigh_Chain,2,496,495,0.998,305,61.492,0,0.0,1,0.202,6,1.21,183,36.895,1,0.202
ddqn,MSW_path_sf10_p70_S50_MLow_Chain,0,495,495,1.0,298,60.202,1,0.202,1,0.202,0,0.0,195,39.394,0,0.0
ddqn,MSW_path_sf10_p70_S50_MLow_Chain,1,495,495,1.0,301,60.808,1,0.202,1,0.202,0,0.0,192,38.788,0,0.0
ddqn,MSW_path_sf10_p70_S50_MLow_Chain,2,495,495,1.0,313,63.232,4,0.808,0,0.0,0,0.0,178,35.96,0,0.0
ddqn,MSW_path_sf10_p70_S50_MMedium_Chain,0,496,491,0.9899,291,58.669,4,0.806,0,0.0,3,0.605,193,38.911,5,1.008
ddqn,MSW_path_sf10_p70_S50_MMedium_Chain,1,496,490,0.9879,298,60.081,0,0.0,0,0.0,2,0.403,190,38.306,6,1.21
ddqn,MSW_path_sf10_p70_S50_MMedium_Chain,2,496,491,0.9899,283,57.056,6,1.21,0,0.0,1,0.202,201,40.524,5,1.008
ddqn,MSW_path_sf10_p70_S75_M0_Chain,0,496,495,0.998,336,67.742,0,0.0,0,0.0,0,0.0,159,32.056,1,0.202
ddqn,MSW_path_sf10_p70_S75_M0_Chain,1,496,495,0.998,337,67.944,0,0.0,0,0.0,0,0.0,158,31.855,1,0.202
ddqn,MSW_path_sf10_p70_S75_M0_Chain,2,496,495,0.998,329,66.331,0,0.0,0,0.0,0,0.0,166,33.468,1,0.202
ddqn,MSW_path_sf10_p70_S75_MHigh_Chain,0,496,495,0.998,326,65.726,0,0.0,0,0.0,0,0.0,169,34.073,1,0.202
ddqn,MSW_path_sf10_p70_S75_MHigh_Chain,1,496,495,0.998,331,66.734,1,0.202,2,0.403,1,0.202,160,32.258,1,0.202
ddqn,MSW_path_sf10_p70_S75_MHigh_Chain,2,496,495,0.998,328,66.129,0,0.0,0,0.0,0,0.0,167,33.669,1,0.202
ddqn,MSW_path_sf10_p70_S75_MLow_Chain,0,495,495,1.0,339,68.485,0,0.0,1,0.202,0,0.0,155,31.313,0,0.0
ddqn,MSW_path_sf10_p70_S75_MLow_Chain,1,495,495,1.0,312,63.03,0,0.0,0,0.0,0,0.0,183,36.97,0,0.0
ddqn,MSW_path_sf10_p70_S75_MLow_Chain,2,495,495,1.0,342,69.091,0,0.0,0,0.0,0,0.0,153,30.909,0,0.0
ddqn,MSW_path_sf10_p70_S75_MMedium_Chain,0,496,495,0.998,342,68.952,0,0.0,0,0.0,0,0.0,153,30.847,1,0.202
ddqn,MSW_path_sf10_p70_S75_MMedium_Chain,1,496,495,0.998,332,66.935,1,0.202,0,0.0,0,0.0,162,32.661,1,0.202
ddqn,MSW_path_sf10_p70_S75_MMedium_Chain,2,496,495,0.998,312,62.903,0,0.0,0,0.0,0,0.0,183,36.895,1,0.202
